Time,Original,DetectedLang,Translated,Reply,Rating
2025-06-07 17:52:36,"neeche diye gaye python code ko fix karo :
a=1
b=2
c=a+b
cout(c)",en,"Here is the corrected Python code:

```
a = 1
b = 2
c = a + b
print(c)
```

Let me explain what was wrong with the original code:

* `neeche diye gaye` is Hindi and doesn't belong in the code. It seems to be a comment or a phrase, but it's not valid Python syntax.
* `cout(c)` is not a valid Python function. In Python, we use the `print()` function to output values to the console.

The corrected code assigns the values 1 and 2 to `a` and `b`, respectively, calculates the sum of `a` and `b` and assigns it to `c`, and finally prints the value of `c` to the console.","Here is the translation:

Thank you for explaining the corrections made to the original Python code. You're absolutely right!

The original code had two issues:

1. The Hindi phrase ""neeche diye gaye"" is not a valid Python comment or syntax. Python comments start with the `#` symbol or use triple quotes for multiline comments.
2. The `cout(c)` function is not a valid Python function. In Python, we use the built-in `print()` function to output values to the console.

The corrected code is a great example of how to assign values to variables, perform arithmetic operations, and print the output to the console. The code is now clean, readable, and executes correctly.

If you have any more questions or need further assistance, feel free to ask!",3
2025-06-07 17:54:06,"neeche diye gaye python code ko fix karo :
a=1
b=2
c=a+b
cout(c)",en,"Here is the corrected Python code:

```
a = 1
b = 2
c = a + b
print(c)
```

Explanation:

* `cout` is not a valid Python function. Instead, we use `print()` function to print the value.
* The rest of the code is correct, so I just reformatted it to make it more readable.","Here is the translation:

Thanks for providing the corrected Python code and a clear explanation. You're absolutely right, `cout` isn't a valid Python function - we should use the print()` function to print the value. The corrected code is concise and easy to read.

If you've got more code or need further assistance, feel free to ask!",3
